{"cameraMode":{"drawMode":0,"name":"Shaded","section":"Shading Mode"},"sceneLighting":true,"audioPlay":false,"sceneViewState":{"showFog":true,"showMaterialUpdate":false,"showSkybox":true,"showFlares":true,"showImageEffects":true,"showParticleSystems":true},"in2DMode":false,"pivot":{"x":-1.537869930267334,"y":-1.4304735660552979,"z":0.03500556945800781},"rotation":{"x":-0.0672282874584198,"y":0.12448430061340332,"z":-0.008454205468297005,"w":-0.989905834197998},"size":9.338987350463868,"orthographic":false}