{"cameraMode":{"drawMode":0,"name":"Shaded","section":"Shading Mode"},"sceneLighting":true,"audioPlay":false,"sceneViewState":{"showFog":true,"showMaterialUpdate":false,"showSkybox":true,"showFlares":true,"showImageEffects":true,"showParticleSystems":true},"in2DMode":false,"pivot":{"x":0.9140040278434753,"y":0.5019824504852295,"z":-0.15500354766845704},"rotation":{"x":-0.09765175729990006,"y":-0.006869772914797068,"z":0.0006738142110407352,"w":-0.9951997995376587},"size":9.842995643615723,"orthographic":false}