{"cameraMode":{"drawMode":0,"name":"Shaded","section":"Shading Mode"},"sceneLighting":true,"audioPlay":false,"sceneViewState":{"showFog":true,"showMaterialUpdate":false,"showSkybox":true,"showFlares":true,"showImageEffects":true,"showParticleSystems":true},"in2DMode":false,"pivot":{"x":-0.19811414182186128,"y":1.0025205612182618,"z":0.13953590393066407},"rotation":{"x":0.02218850515782833,"y":0.002096679760143161,"z":0.000046550292609026656,"w":-0.9997546076774597},"size":14.188410758972168,"orthographic":false}